{
    "M01": {
        "state": "critical",
        "degradation": 1.2688792494826933,
        "base_vib": 0.3773583446157428,
        "base_temp": 60.43720256048846,
        "op_hours": 1351.888888888745,
        "maint_timer": 92.33094673562978
    },
    "M02": {
        "state": "critical",
        "degradation": 1.2680305216583125,
        "base_vib": 0.36958686574694327,
        "base_temp": 63.27310730040673,
        "op_hours": 509.888888888745,
        "maint_timer": 28.72004355403027
    },
    "M03": {
        "state": "critical",
        "degradation": 1.263860136269026,
        "base_vib": 0.32486446094767707,
        "base_temp": 60.807041054791256,
        "op_hours": 199.88888888894735,
        "maint_timer": 310.3093027701641
    },
    "M04": {
        "state": "critical",
        "degradation": 1.2607992713632776,
        "base_vib": 0.25288087961504735,
        "base_temp": 60.85527849472533,
        "op_hours": 198.88888888894735,
        "maint_timer": 112.18174055012074
    },
    "M05": {
        "state": "critical",
        "degradation": 1.2721522424890204,
        "base_vib": 0.29028914189586263,
        "base_temp": 62.123432064796766,
        "op_hours": 79.88888888884617,
        "maint_timer": 75.9350134328383
    },
    "M06": {
        "state": "healthy",
        "degradation": 0.2809661244478632,
        "base_vib": 0.3795057475686302,
        "base_temp": 61.10964044108729,
        "op_hours": 13.129166666666121,
        "maint_timer": 1.129166666666663
    },
    "M07": {
        "state": "healthy",
        "degradation": 0.2555580415255694,
        "base_vib": 0.30338092187926163,
        "base_temp": 59.976593084673716,
        "op_hours": 50.976388888889666,
        "maint_timer": 0.9763888888888858
    }
}