{
    "M01": {
        "state": "healthy",
        "degradation": 0.020124485196134027,
        "base_vib": 0.34460372356017044,
        "base_temp": 56.24420675668409,
        "op_hours": 35.00138888888889,
        "maint_timer": 0.001388888888888889
    },
    "M02": {
        "state": "healthy",
        "degradation": 0.03024368514377274,
        "base_vib": 0.3012460561065508,
        "base_temp": 56.767474262995876,
        "op_hours": 135.0013888888889,
        "maint_timer": 0.001388888888888889
    },
    "M03": {
        "state": "healthy",
        "degradation": 0.04022198169993404,
        "base_vib": 0.38071365845135346,
        "base_temp": 58.45483110048618,
        "op_hours": 53.00138888888889,
        "maint_timer": 0.001388888888888889
    },
    "M04": {
        "state": "healthy",
        "degradation": 0.050389385021764085,
        "base_vib": 0.22641268646853757,
        "base_temp": 55.787967216979524,
        "op_hours": 98.00138888888888,
        "maint_timer": 0.001388888888888889
    },
    "M05": {
        "state": "degrading",
        "degradation": 0.3013305834020547,
        "base_vib": 0.22167706872551818,
        "base_temp": 56.030274987846006,
        "op_hours": 667.0013888888889,
        "maint_timer": 0.001388888888888889
    },
    "M06": {
        "state": "critical",
        "degradation": 0.7178653516345935,
        "base_vib": 0.33112375625576274,
        "base_temp": 56.94968889480831,
        "op_hours": 1282.0013888888889,
        "maint_timer": 0.001388888888888889
    }
}