{
    "M01": {
        "state": "critical",
        "degradation": 0.9275015752623895,
        "base_vib": 0.22981494099505945,
        "base_temp": 60.182130786472904,
        "op_hours": 1258.0152777777776,
        "maint_timer": 0.015277777777777779
    },
    "M02": {
        "state": "degrading",
        "degradation": 0.3200838071413797,
        "base_vib": 0.3660341866116841,
        "base_temp": 55.05781469713323,
        "op_hours": 503.01527777777756,
        "maint_timer": 0.015277777777777779
    },
    "M03": {
        "state": "healthy",
        "degradation": 0.05234044534346524,
        "base_vib": 0.39602933118623845,
        "base_temp": 63.16800718500713,
        "op_hours": 29.01527777777779,
        "maint_timer": 0.015277777777777779
    },
    "M04": {
        "state": "healthy",
        "degradation": 0.037642217620002374,
        "base_vib": 0.3090642232412093,
        "base_temp": 63.71414736372581,
        "op_hours": 76.01527777777771,
        "maint_timer": 0.015277777777777779
    },
    "M05": {
        "state": "healthy",
        "degradation": 0.03660955444859298,
        "base_vib": 0.31391587927863934,
        "base_temp": 61.3020817529959,
        "op_hours": 13.01527777777777,
        "maint_timer": 0.015277777777777779
    }
}