{
    "M01": {
        "state": "healthy",
        "degradation": 0.02066514833159839,
        "base_vib": 0.3058116319276863,
        "base_temp": 57.59689043455903,
        "op_hours": 150.0027777777778,
        "maint_timer": 0.002777777777777778
    },
    "M02": {
        "state": "healthy",
        "degradation": 0.02046909049033958,
        "base_vib": 0.3938063728312046,
        "base_temp": 55.13485650713368,
        "op_hours": 77.00277777777777,
        "maint_timer": 0.002777777777777778
    },
    "M03": {
        "state": "degrading",
        "degradation": 0.20440204221021824,
        "base_vib": 0.35824758018075753,
        "base_temp": 64.65253090867138,
        "op_hours": 917.0027777777777,
        "maint_timer": 0.002777777777777778
    },
    "M04": {
        "state": "critical",
        "degradation": 0.7373915811813384,
        "base_vib": 0.2708878358500778,
        "base_temp": 60.915535182681445,
        "op_hours": 961.0027777777777,
        "maint_timer": 0.002777777777777778
    },
    "M05": {
        "state": "critical",
        "degradation": 0.7321046086532847,
        "base_vib": 0.25111136471904527,
        "base_temp": 64.3696151767161,
        "op_hours": 1943.0027777777777,
        "maint_timer": 0.002777777777777778
    },
    "M06": {
        "state": "critical",
        "degradation": 0.9373896102675462,
        "base_vib": 0.289535095031452,
        "base_temp": 57.95421579693121,
        "op_hours": 2119.0027777777777,
        "maint_timer": 0.002777777777777778
    }
}